{"cameraMode":{"drawMode":0,"name":"Shaded","section":"Shading Mode"},"sceneLighting":false,"audioPlay":false,"sceneViewState":{"showFog":true,"showMaterialUpdate":false,"showSkybox":true,"showFlares":true,"showImageEffects":true,"showParticleSystems":true,"showVisualEffectGraphs":true,"m_FxEnabled":true},"in2DMode":false,"pivot":{"x":3.9705731868743898,"y":-0.15879175066947938,"z":18.93317222595215},"rotation":{"x":0.11681035161018372,"y":0.06282124668359757,"z":-0.007529687602072954,"w":0.9912290573120117},"size":12.12435531616211,"orthographic":false}